{
  "gateM1_vector_readout_consistency": {
    "class_I_floor": 0.0,
    "class_II_d0_nu": 0.9990339361371623,
    "class_II_d1_nu": 1.9990683242195912,
    "class_II_d3_nu": 3.997439734647289,
    "class_III_range": [
      3.322946547263182,
      3.6315795298117095
    ],
    "passes": true
  },
  "gateM2_abstract_exact_vector_transition": {
    "lambda_c0": -1.56496062992126,
    "at_lambda_c": {
      "lambda": -1.56496062992126,
      "nu": 0.9989979738144599,
      "norm_at_Gmax": 1.5151134922307153e-07
    },
    "off_lambda_c": {
      "lambda": -1.06496062992126,
      "nu": -5.071594626276374e-05,
      "norm_at_Gmax": 0.46048942160107137
    },
    "collapse_relative_spread": 0.001128542284350343,
    "passes": true
  },
  "gateM3_nu_to_2nu_qfi_translation": {
    "nu_x": 1.9962351888316114,
    "nu_F": 3.9954478705551075,
    "ratio_nuF_over_2nuX": 1.0007457770779071,
    "min_eigenvalue_range": [
      2.4999998150299976e-08,
      2.5018338732348353e-05
    ],
    "passes": true
  },
  "gateM4_physical_interior_transition_search": {
    "generic_point_norm": 2.121002336724494e-12,
    "best_found_norm": 7.070949591580261e-13,
    "best_found_lam_phi": [
      -0.9999999999999891,
      8.651953749432046
    ],
    "suppression_ratio_vs_generic": 2.9996004203594935,
    "interior_transition_found": false,
    "interpretation": "No interior (non-trivial) exact or near-exact vector transition was found with a 2-real-parameter (amplitude, phase) physical Hermitian coupling cut; the leading-order response x_{S,0} lives in the 3-real-dimensional traceless-Hermitian slice of the protected block, so codimension counting predicts an interior zero generically requires 3 independent real controls. This is consistent with (not a failure of) the theory: it correctly predicts when a hidden transition is and is not achievable with a given control budget. The exact vector transition IS realized with a rank-1 (non-Hermitian) abstract cut in Gate M2."
  },
  "gateM5_rank_deficiency_negative_control": {
    "normal_epsilon": {
      "epsilon": 0.01,
      "nu_x": 1.9962351888316114,
      "nu_F": 3.9954478705551075,
      "ratio_nuF_over_2nuX": 1.0007457770779071,
      "min_eigenvalue_at_Gmax": 2.4999998150299976e-08
    },
    "tiny_epsilon": {
      "epsilon": 1e-06,
      "nu_x": 1.012610983408139,
      "nu_F": 3.013795956158844,
      "ratio_nuF_over_2nuX": 1.4881311804535877,
      "min_eigenvalue_at_Gmax": 2.500001407830559e-12
    },
    "passes": true
  }
}