{
  "P1_promotion": {
    "cases": {
      "generic": {
        "nu_fit": 2.9999999999637383,
        "nu_moment": 3,
        "diff": 3.626166034109701e-11,
        "max_cond_f64": 2.4777240586552693
      },
      "tuned": {
        "nu_fit": 3.9999991050946697,
        "nu_moment": 4,
        "diff": 8.949053302842458e-07,
        "max_cond_f64": 2.2618468852551596
      },
      "detuned": {
        "nu_fit": 3.000000000333744,
        "nu_moment": 3,
        "diff": 3.337441434325683e-10,
        "max_cond_f64": 2.2618468852551596
      }
    },
    "moments": {
      "generic": {
        "moments": [
          "0",
          "0",
          "13360*I/4641",
          "-33472/97461"
        ],
        "nu_moment": 3
      },
      "tuned": {
        "moments": [
          "0",
          "0",
          "0",
          "-28160/140777"
        ],
        "nu_moment": 4
      },
      "detuned": {
        "moments": [
          "0",
          "0",
          "-8*I/455",
          "-17713356/87985625"
        ],
        "nu_moment": 3
      }
    },
    "gate_close_fit_moment": true,
    "gate_tuned_detuned_separated": true,
    "overall_pass": true,
    "J45_star": "51/65"
  },
  "P2_symbolic": {
    "m2_symbolic_form": "160*I*(51 - 65*J45v)/4641",
    "moments_at_tuned_point": [
      "0",
      "0",
      "0",
      "-28160/140777"
    ],
    "m2_exactly_zero": true,
    "m3_nonzero": true,
    "m3_value": "-28160/140777",
    "m3_on_z_window": [
      [
        "-1/2",
        "-72960/140777",
        0.5182664781889087
      ],
      [
        "-1/4",
        "-50560/140777",
        0.35914957699055955
      ],
      [
        "0",
        "-28160/140777",
        0.20003267579221037
      ],
      [
        "1/4",
        "-5760/140777",
        0.04091577459386121
      ],
      [
        "1/2",
        "1280/10829",
        0.11820112660448795
      ]
    ],
    "m3_nonzero_on_window": true,
    "random_draw_m2_max_abs": 0.0,
    "random_draw_cancellation_confirmed": true,
    "overall_pass": true
  },
  "P3_manifold": {
    "exact_zero_value": 2.1532251413579837e-16,
    "min_logabs_away_from_point": -0.3019337513194381,
    "isolated_zero_confirmed": true,
    "cancellation_curve_slope": 0.7846153846153846,
    "cancellation_curve_matches_J45_star": true,
    "m3_on_curve_min_abs": 0.16911853498795967,
    "m3_nonzero_on_curve": true,
    "overall_pass": true
  },
  "P4_collapse": {
    "a_predicted": [
      -0.0,
      -1.7582417582417582
    ],
    "b_predicted": [
      0.20003267579221037,
      -0.0
    ],
    "Gamma_cross_predicted": {
      "0.1": 1.1376858435681965,
      "0.01": 11.376858435681966,
      "0.001": 113.76858435681964,
      "0.0001": 1137.6858435681966,
      "1e-05": 11376.858435681965
    },
    "collapse_relative_spread_mean": 0.00592952244604175,
    "collapse_relative_spread_max": 0.02977303864447991,
    "Gamma_cross": {
      "0.1": {
        "nu_max": 2.99999999998535,
        "Gamma_at_max": 891250.9381337459,
        "Gamma_x": 891250.9381337459
      },
      "0.01": {
        "nu_max": 3.48165573011657,
        "Gamma_at_max": 7.644222742526002,
        "Gamma_x": 7.644222742526002
      },
      "0.001": {
        "nu_max": 3.937108598310677,
        "Gamma_at_max": 20.73321573485955,
        "Gamma_x": 121.15276586285876
      },
      "0.0001": {
        "nu_max": 3.9935780613331526,
        "Gamma_at_max": 65.56418494179789,
        "Gamma_x": 1211.5276586285877
      },
      "1e-05": {
        "nu_max": 3.9993564385336295,
        "Gamma_at_max": 207.3321573485954,
        "Gamma_x": 12115.276586285876
      }
    },
    "scaling_slope": -1.0599999999999996,
    "gate_slope_near_minus1": true,
    "gate_gx_matches_prediction": true,
    "gate_collapse_spread_lt_5pct": true,
    "overall_pass": true
  },
  "P5_masquerade": {
    "plateau_decades": {
      "0.01": 0.0,
      "0.001": 0.0,
      "0.0001": 1.1500000000000004,
      "1e-05": 2.15
    },
    "max_plateau_decades": 2.15,
    "gate_plateau_gt_2_decades": true,
    "overall_pass": true
  },
  "P6_certificate": {
    "table": {
      "generic": {
        "nu_cert": 3,
        "nu_moment": 3,
        "numerator_nonzero": true
      },
      "tuned": {
        "nu_cert": 4,
        "nu_moment": 4,
        "numerator_nonzero": true
      },
      "detuned": {
        "nu_cert": 3,
        "nu_moment": 3,
        "numerator_nonzero": true
      }
    },
    "gate_cert_matches_moment": true,
    "gate_tuned_is_class_II": true,
    "overall_pass": true
  },
  "P7_robustness": {
    "table": {
      "rho51_generic": {
        "moments": [
          "0",
          "0",
          "13360*I/4641",
          "-33472/97461"
        ],
        "nu_moment": 3
      },
      "rho51_tuned": {
        "moments": [
          "0",
          "0",
          "0",
          "-28160/140777"
        ],
        "nu_moment": 4
      },
      "rho31_generic": {
        "moments": [
          "0",
          "0",
          "16*I/91",
          "-160840/60333"
        ],
        "nu_moment": 3
      },
      "rho31_tuned": {
        "moments": [
          "0",
          "0",
          "16*I/91",
          "16/1183"
        ],
        "nu_moment": 3
      }
    },
    "O1_shows_promotion": true,
    "O3_blind_or_different": 3,
    "overall_pass": true
  },
  "P8_reduced_vs_full": {
    "cases": {
      "generic": {
        "gammas": [
          10.0,
          16.237767391887218,
          26.366508987303583,
          42.81332398719393,
          69.51927961775606,
          112.88378916846884,
          183.29807108324357,
          297.63514416313194,
          483.2930238571752,
          784.7599703514607,
          1274.2749857031333,
          2069.13808111479,
          3359.818286283781,
          5455.594781168515,
          8858.667904100823,
          14384.498882876629,
          23357.21469090121,
          37926.90190732246,
          61584.82110660255,
          100000.0
        ],
        "rel_err": [
          3.2027287624303273e-16,
          2.3348391172338043e-16,
          5.224559286410397e-16,
          7.642681202862175e-16,
          1.9797782421481406e-16,
          8.729897032469518e-16,
          3.6248535202491024e-15,
          0.0,
          4.15403991682597e-15,
          0.0,
          9.514141479005534e-15,
          3.1818853703040295e-16,
          4.359296135483928e-14,
          5.467806717574764e-16,
          1.9976140481189658e-13,
          0.0,
          1.1174257759099836e-16,
          4.898889434732183e-13,
          1.0486885826841571e-12,
          4.11052035565367e-16
        ],
        "max_top3decade_err": 1.0486885826841571e-12
      },
      "tuned": {
        "gammas": [
          10.0,
          16.237767391887218,
          26.366508987303583,
          42.81332398719393,
          69.51927961775606,
          112.88378916846884,
          183.29807108324357,
          297.63514416313194,
          483.2930238571752,
          784.7599703514607,
          1274.2749857031333,
          2069.13808111479,
          3359.818286283781,
          5455.594781168515,
          8858.667904100823,
          14384.498882876629,
          23357.21469090121,
          37926.90190732246,
          61584.82110660255,
          100000.0
        ],
        "rel_err": [
          8.108277759950579e-16,
          3.958886186819033e-14,
          1.3309315646742705e-13,
          4.588157234389568e-13,
          7.971019389984307e-13,
          5.504067525773144e-12,
          6.416302235427047e-14,
          1.6616770547689864e-11,
          5.778309315359024e-11,
          1.0039370127200331e-10,
          1.7449504395840758e-10,
          6.064051626330433e-10,
          2.1077709493615617e-09,
          3.663293248449972e-09,
          1.6946546898392527e-11,
          1.7344538106906629e-12,
          7.692432591262413e-08,
          2.0399153549156947e-11,
          4.64712324952038e-07,
          1.615323606762069e-06
        ],