{"Bxs": [0, 0.1, 0.25, 0.5, 0.75, 1.0], "protoA": [63.22761535644531, 65.03929138183594, 63.87794494628906, 65.70762634277344, 67.75169372558594, 69.47090148925781], "protoB": [64.98161315917969, 82.74604797363281, 87.64533996582031, 96.49467468261719, 103.58116149902344, 109.27894592285156]}