{
 "note": "Gate 2.1 detuning-protocol audit; ctrl=-1, X/Y legs unless noted",
 "protocol_points": [
  {
   "T": 300.0,
   "Bx": 0.0,
   "protocols": {
    "A": {
     "Cmax": -1.8882469786147568e-09,
     "Cmin": -1.8883405148552587e-09,
     "maxabs": 1.8883405148552587e-09,
     "z_at_Cmax": 2.74303109580081,
     "edge": true
    },
    "B": {
     "Cmax": -1.8877736492264334e-09,
     "Cmin": -1.888362693428371e-09,
     "maxabs": 1.888362693428371e-09,
     "z_at_Cmax": 11.681498728428625,
     "edge": true
    },
    "C": {
     "Cmax": 1.1255370560816963e-09,
     "Cmin": -1.8883626562106353e-09,
     "maxabs": 1.8883626562106353e-09,
     "z_at_Cmax": -2524.5,
     "edge": false
    }
   }
  },
  {
   "T": 300.0,
   "Bx": 1.0,
   "protocols": {
    "A": {
     "Cmax": -1.8551412023551728e-06,
     "Cmin": -1.8553229045123191e-06,
     "maxabs": 1.8553229045123191e-06,
     "z_at_Cmax": -29.373827920575767,
     "edge": true
    },
    "B": {
     "Cmax": -1.8497036364581693e-06,
     "Cmin": -1.8554707499045253e-06,
     "maxabs": 1.8554707499045253e-06,
     "z_at_Cmax": 33.436871849371215,
     "edge": true
    },
    "C": {
     "Cmax": 1.1072774602942785e-06,
     "Cmin": -1.8554695219131432e-06,
     "maxabs": 1.8554695219131432e-06,
     "z_at_Cmax": 2502.0,
     "edge": false
    }
   }
  },
  {
   "T": 110.0,
   "Bx": 1.0,
   "protocols": {
    "A": {
     "Cmax": -0.0011526261871172207,
     "Cmin": -0.0012108931385398226,
     "maxabs": 0.0012108931385398226,
     "z_at_Cmax": -29.373827920575767,
     "edge": true
    },
    "B": {
     "Cmax": 5.376059621157702e-05,
     "Cmin": -0.0012570063670555387,
     "maxabs": 0.0012570063670555387,
     "z_at_Cmax": 33.436871849371215,
     "edge": true
    },
    "C": {
     "Cmax": 0.000775647575220714,
     "Cmin": -0.0012569284984630818,
     "maxabs": 0.0012569284984630818,
     "z_at_Cmax": 93.0,
     "edge": false
    }
   }
  },
  {
   "T": 140.0,
   "Bx": 1.0,
   "protocols": {
    "A": {
     "Cmax": -0.00019297632754655816,
     "Cmin": -0.0001944952088206414,
     "maxabs": 0.0001944952088206414,
     "z_at_Cmax": -29.373827920575767,
     "edge": true
    },
    "B": {
     "Cmax": -0.00014748361249267427,
     "Cmin": -0.00019564121788234458,
     "maxabs": 0.00019564121788234458,
     "z_at_Cmax": 33.436871849371215,
     "edge": true
    },
    "C": {
     "Cmax": 0.00011480325864617274,
     "Cmin": -0.00019564034881862233,
     "maxabs": 0.00019564034881862233,
     "z_at_Cmax": 264.0,
     "edge": false
    }
   }
  },
  {
   "T": 80.0,
   "Bx": 0.0,
   "protocols": {
    "A": {
     "Cmax": -1.3480756597810241e-05,
     "Cmin": -2.1738757620421898e-05,
     "maxabs": 2.1738757620421898e-05,
     "z_at_Cmax": 2.74303109580081,
     "edge": true
    },
    "B": {
     "Cmax": 4.9519869888950055e-06,
     "Cmin": -2.364275214925783e-05,
     "maxabs": 2.364275214925783e-05,
     "z_at_Cmax": 11.681498728428625,
     "edge": true
    },
    "C": {
     "Cmax": 1.4513609786844921e-05,
     "Cmin": -2.3550713995862156e-05,
     "maxabs": 2.3550713995862156e-05,
     "z_at_Cmax": -30.0,
     "edge": false
    }
   }
  },
  {
   "T": 65.0,
   "Bx": 0.0,
   "protocols": {
    "A": {
     "Cmax": 5.5556703418528084e-05,
     "Cmin": -0.00017245090309337145,
     "maxabs": 0.00017245090309337145,
     "z_at_Cmax": 2.74303109580081,
     "edge": true
    },
    "B": {
     "Cmax": 9.939121657779121e-05,
     "Cmin": -0.00021744729240299126,
     "maxabs": 0.00021744729240299126,
     "z_at_Cmax": -9.691869435651192,
     "edge": true
    },
    "C": {
     "Cmax": 0.00013904929864218274,
     "Cmin": -0.000217392941600049,
     "maxabs": 0.000217392941600049,
     "z_at_Cmax": -13.5,
     "edge": false
    }
   }
  }
 ],
 "boundaries": {
  "A": {
   "0.0": 63.2,
   "0.5": 65.7,
   "1.0": 69.5
  },
  "B": {
   "0.0": 65.0,
   "0.5": 96.5,
   "1.0": 109.3
  },
  "C_at_1T": {
   "110.0": 0.000775647575220714,
   "140.0": 0.00011480325864617274,
   "170.0": 2.981007475845114e-05
  }
 }
}