{
 "gate22": {
  "taylor": {
   "-1_XX": {
    "C0": -1.888303495649663e-09,
    "dC_dB": 6.386760743602618e-07,
    "d2C_dB2": -0.00010825928166528456,
    "odd_frac_at_0p1": 5.634402835714816
   },
   "-1_XY": {
    "C0": -1.8883028899036016e-09,
    "dC_dB": 1.5517194423887031e-06,
    "d2C_dB2": -0.000637274094258799,
    "odd_frac_at_0p1": 0.0311811268526887
   },
   "-1_YX": {
    "C0": -1.8883316714807733e-09,
    "dC_dB": -1.8891048618071271e-06,
    "d2C_dB2": -0.0009449354734545453,
    "odd_frac_at_0p1": 0.02234067654893232
   },
   "-1_YY": {
    "C0": -1.8883333605337022e-09,
    "dC_dB": -3.017160053752805e-07,
    "d2C_dB2": -2.4375536373363926e-05,
    "odd_frac_at_0p1": 0.5115375606176923
   },
   "+1_XX": {
    "C0": -1.8883126880996533e-09,
    "dC_dB": -5.671146287863205e-07,
    "d2C_dB2": -8.409165331896191e-05,
    "odd_frac_at_0p1": 0.06829922304944885
   },
   "+1_XY": {
    "C0": -1.8883157738416012e-09,
    "dC_dB": -9.093190811892563e-07,
    "d2C_dB2": -0.00021960656751783612,
    "odd_frac_at_0p1": 0.466137363948392
   },
   "+1_YX": {
    "C0": -1.888337192493328e-09,
    "dC_dB": 1.4097956413118974e-06,
    "d2C_dB2": -0.0005266424683713571,
    "odd_frac_at_0p1": 0.8735394472426979
   },
   "+1_YY": {
    "C0": -1.8883425729903044e-09,
    "dC_dB": 6.691978506021496e-08,
    "d2C_dB2": -8.287241948967275e-09,
    "odd_frac_at_0p1": 0.4431510736567907
   }
  },
  "azimuth_0p1T": {
   "0": -1.9077829213854495e-06,
   "30": -1.680598695698273e-06,
   "60": -1.265621915232876e-06,
   "90": -1.0689716977938615e-06
  }
 },
 "gate23": {
  "worst": {
   "ctrl": "-1",
   "pol": "YX",
   "Bz": 0.02,
   "Bx": 1.0,
   "Cmax": -3.339801194950946e-06,
   "Cmin": -3.34025619340351e-06,
   "maxabs": 3.34025619340351e-06
  },
  "global_Cmax": -1.4783043905847193e-11,
  "n_points": 216
 },
 "gate26": {
  "svd_maxM1": {
   "-1_Bx0.0": 0.2,
   "-1_Bx0.5": 4.096861230137248,
   "-1_Bx1.0": 4.208384957203249,
   "+1_Bx0.0": 0.2,
   "+1_Bx0.5": 1.1242779836096106,
   "+1_Bx1.0": 1.128086949143397
  },
  "pol_opt": {
   "maxabs": 3.340328480726704e-06,
   "C_at_max": -3.340328480726704e-06,
   "Cmax_pos": -1.7868707938742492e-12,
   "ctrl": "-1",
   "Bx": 1.0
  }
 }
}