{
  "T": 300.0,
  "Bz_T": 0.02,
  "Bx_grid": [
    0.0,
    0.002,
    0.004,
    0.006,
    0.008,
    0.01,
    0.012,
    0.014,
    0.016,
    0.018000000000000002,
    0.02,
    0.022,
    0.024,
    0.026000000000000002,
    0.028,
    0.03
  ],
  "C_full": [
    -1.8151249220541525e-09,
    -5.700798376612173e-11,
    -7.608914393768481e-10,
    -3.941161111056441e-09,
    -9.588546839863096e-09,
    -1.764943401472008e-08,
    -2.802583331457546e-08,
    -4.058809788495626e-08,
    -5.5189399984699297e-08,
    -7.167635514845376e-08,
    -8.989528591615553e-08,
    -1.0969545141462906e-07,
    -1.309306365116452e-07,
    -1.5345975040723824e-07,
    -1.7714692547347007e-07,
    -2.0186124348174694e-07
  ],
  "C_red": [
    -1.8883028899036016e-09,
    -5.941219364379361e-11,
    -7.823434526309461e-10,
    -4.029103028013805e-09,
    -9.742863371951976e-09,
    -1.784110356511058e-08,
    -2.8219679877612164e-08,
    -4.075743246867632e-08,
    -5.532092000503846e-08,
    -7.176891022041942e-08,
    -8.995632978757354e-08,
    -1.0973747559662752e-07,
    -1.3096839525029227e-07,
    -1.5350844315016467e-07,
    -1.7722109970378984e-07,
    -2.0197419902480103e-07
  ],
  "slope_full_liouvillian": 2.1780362601549625,
  "slope_reduced_kernel_this_run": 2.1615137607842874,
  "predicted_power_law": 2.0,
  "note": "reduced-kernel independent cross-check via bperp_kernel_map_v2.main() gives delta_C_power~2.026 (see bperp_kernel_summary_v2.json)"
}