channel,svd max|M1_eff| 0T (GHz),1T (GHz)
ms=0<->-1,0.2,4.208384957203249
ms=0<->+1,0.2,1.128086949143397
