{
  "sanity_check_passed": true,
  "rows": [
    {
      "rss_eit": 2.936904436486453e-11,
      "rss_ats": 2.9369166348634386e-11,
      "params_eit": [
        3.1129972962929338,
        60.122164915904776,
        3.7052992667502963e-06,
        -0.5122369631404134
      ],
      "params_ats": [
        1.5289366803291236,
        38.95908001418395,
        -15.036193368234235
      ],
      "aic_eit": -12120.261575877246,
      "aic_ats": -12122.259910334795,
      "delta_aic": -1.9983344575484807,
      "weight_eit": 0.2691051856325204,
      "used_aicc": false,
      "verdict": "inconclusive",
      "system": "NV (0, -1)",
      "T": 100.0,
      "Oc": 0.05,
      "gamma_GHz": 369.9045601388049
    },
    {
      "rss_eit": 2.935744831042478e-11,
      "rss_ats": 2.93576082692806e-11,
      "params_eit": [
        3.1129803290353784,
        60.121725073255504,
        3.911042396731272e-06,
        -0.5376907315151527
      ],
      "params_ats": [
        1.49404702969052,
        37.9502954538992,
        -14.999471671375737
      ],
      "aic_eit": -12120.419937723116,
      "aic_ats": -12122.417752815021,
      "delta_aic": -1.9978150919050677,
      "weight_eit": 0.2691562650819164,
      "used_aicc": false,
      "verdict": "inconclusive",
      "system": "NV (0, -1)",
      "T": 100.0,
      "Oc": 1.0,
      "gamma_GHz": 369.9045601388049
    },
    {
      "rss_eit": 2.9357382058432016e-11,
      "rss_ats": 2.935755203150344e-11,
      "params_eit": [
        3.112981445732797,
        60.12174584250677,
        3.7386360105182135e-06,
        -0.5239223547688083
      ],
      "params_ats": [
        1.48620577962128,
        37.724676804529366,
        -14.98747954004006
      ],
      "aic_eit": -12120.420842675032,
      "aic_ats": -12122.418520976038,
      "delta_aic": -1.99767830100609,
      "weight_eit": 0.26916971944323254,
      "used_aicc": false,
      "verdict": "inconclusive",
      "system": "NV (0, -1)",
      "T": 100.0,
      "Oc": 20.0,
      "gamma_GHz": 369.9045601388049
    },
    {
      "rss_eit": 2.612966205203259e-15,
      "rss_ats": 2.61294540358106e-15,
      "params_eit": [
        3.197896139473828,
        107.72026134728729,
        -1.2168714477123308,
        -68.06468287871715
      ],
      "params_ats": [
        1.5967865744878231,
        84.05156546853277,
        -44.87844022673316
      ],
      "aic_eit": -15860.472959406894,
      "aic_ats": -15862.476151749639,
      "delta_aic": -2.003192342745024,
      "weight_eit": 0.26862771079657655,
      "used_aicc": false,
      "verdict": "inconclusive",
      "system": "NV (0, -1)",
      "T": 150.0,
      "Oc": 0.05,
      "gamma_GHz": 1779.6909836413872
    },
    {
      "rss_eit": 2.612908410530788e-15,
      "rss_ats": 2.6128776444993214e-15,
      "params_eit": [
        3.140424004714951,
        105.70555869041888,
        -1.1957872547278978,
        -66.74831093758968
      ],
      "params_ats": [
        1.6133024586822633,
        84.95305927010656,
        -45.282374658670626
      ],
      "aic_eit": -15860.481828989643,
      "aic_ats": -15862.486550644331,
      "delta_aic": -2.0047216546881828,
      "weight_eit": 0.2684775078172231,
      "used_aicc": false,
      "verdict": "inconclusive",
      "system": "NV (0, -1)",
      "T": 150.0,
      "Oc": 1.0,
      "gamma_GHz": 1779.6909836413872
    },
    {
      "rss_eit": 2.6129029936548188e-15,
      "rss_ats": 2.612879899750974e-15,
      "params_eit": [
        3.1691861056359487,
        106.71560385233238,
        -1.206255761318585,
        -67.40550764289831
      ],
      "params_ats": [
        1.584398553453248,
        83.37600465019744,
        -44.57419528200757
      ],
      "aic_eit": -15860.482660312127,
      "aic_ats": -15862.486204529569,
      "delta_aic": -2.003544217441231,
      "weight_eit": 0.2685931463446765,
      "used_aicc": false,
      "verdict": "inconclusive",
      "system": "NV (0, -1)",
      "T": 150.0,
      "Oc": 20.0,
      "gamma_GHz": 1779.6909836413872
    },
    {
      "rss_eit": 1.473295888185036e-20,
      "rss_ats": 1.4734673070474055e-20,
      "params_eit": [
        18.389026231326536,
        -2124.678093410115,
        -3.1898007862923676e-05,
        1632.3714697928044
      ],
      "params_ats": [
        1.1835588804028072,
        167.71124089088616,
        -96.29921010076413
      ],
      "aic_eit": -20706.92267943454,
      "aic_ats": -20708.876025557503,
      "delta_aic": -1.9533461229621025,
      "weight_eit": 0.2735524195321292,
      "used_aicc": false,
      "verdict": "inconclusive",
      "system": "NV (0, -1)",
      "T": 300.0,
      "Oc": 0.05,
      "gamma_GHz": 13349.531374059234
    },
    {
      "rss_eit": Infinity,
      "rss_ats": 1.4735534583538133e-20,
      "params_eit": [
        7.490851513519255e-05,
        0.4,
        3.745425756759628e-05,
        0.12
      ],
      "params_ats": [
        1.1246843050780293,
        159.3471118283504,
        -91.546460765001
      ],
      "aic_eit": Infinity,
      "aic_ats": -20708.852580406194,
      "delta_aic": -Infinity,
      "weight_eit": 0.0,
      "used_aicc": false,
      "verdict": "robust ATS",
      "system": "NV (0, -1)",
      "T": 300.0,
      "Oc": 1.0,
      "gamma_GHz": 13349.531374059234
    },
    {
      "rss_eit": Infinity,
      "rss_ats": 1.4735233918998973e-20,
      "params_eit": [
        7.490851518402854e-05,
        0.4,
        3.745425759201427e-05,
        0.12
      ],
      "params_ats": [
        1.1421040095633477,
        161.8215299044768,
        -92.95329918383861
      ],
      "aic_eit": Infinity,
      "aic_ats": -20708.860762512482,
      "delta_aic": -Infinity,
      "weight_eit": 0.0,
      "used_aicc": false,
      "verdict": "robust ATS",
      "system": "NV (0, -1)",
      "T": 300.0,
      "Oc": 20.0,
      "gamma_GHz": 13349.531374059234
    },
    {
      "rss_eit": 6.222040738068554e-08,
      "rss_ats": 6.216544106679494e-08,
      "params_eit": [
        7.346587275216032,
        -435.6085424687924,
        -0.007349555215723698,
        574.3507508385815
      ],
      "params_ats": [
        0.5472183920529442,
        37.34415641871095,
        -26.72273926197911
      ],
      "aic_eit": -9049.204234377981,
      "aic_ats": -9051.558639538696,
      "delta_aic": -2.3544051607150323,
      "weight_eit": 0.23555555247706034,
      "used_aicc": false,
      "verdict": "inconclusive",
      "system": "SiV- orbital-Lambda",
      "T": 4.0,
      "Oc": 0.05,
      "gamma_GHz": 0.07034085859998099,
      "k_B_T_over_h_Delta_e": 0.3268489274247463
    },
    {
      "rss_eit": 1.6842270849624626e-18,
      "rss_ats": 1.6842273095129432e-18,
      "params_eit": [
        44.06745212399376,
        -12237.32319297883,
        533.4719074250954,
        365455640.1928203
      ],
      "params_ats": [
        1.0421319330756706,
        354.4929782064212,
        -204.5331730625655
      ],
      "aic_eit": -18806.593724713108,
      "aic_ats": -18808.59367124957,
      "delta_aic": -1.9999465364635398,
      "weight_eit": 0.2689466771870886,
      "used_aicc": false,
      "verdict": "inconclusive",
      "system": "SiV- orbital-Lambda",
      "T": 4.0,
      "Oc": 1.0,
      "gamma_GHz": 0.07034085859998099,
      "k_B_T_over_h_Delta_e": 0.3268489274247463
    },
    {
      "rss_eit": 5.320281232901379e-32,
      "rss_ats": 2.675443874067485e-32,
      "params_eit": [
        26.709148872271932,
        -148332.02746148733,
        2.049372553724214e-08,
        173.7310798675295
      ],
      "params_ats": [
        0.08600998236294395,
        585.0134079597934,
        -337.76869998943624
      ],
      "aic_eit": -31272.068453370775,
      "aic_ats": -31549.720210023417,
      "delta_aic": -277.6517566526418,
      "weight_eit": 5.1131330942370406e-61,
      "used_aicc": false,
      "verdict": "robust ATS",
      "system": "SiV- orbital-Lambda",
      "T": 4.0,
      "Oc": 20.0,