scenario,n_draws,sigma_B_G,sigma_opt_GHz,sigma_d_GHz,sigma_Oc_rel,opt_cut_GHz,n_orientations,Cmax,fwhm_MHz,center_MHz,washout_factor
single,1,0.0,0.0,0.0,0.0,,1,0.01360014974074735,0.37500000000000033,0.0,1.0
low_density,60,0.1,5.0,0.1,0.05,,4,0.0005721492074293866,0.37500000000000033,0.0,0.04206933146590091
high_density,60,1.0,30.0,0.3,0.1,,4,0.00012895685598832745,4.25,2.125,0.009482017363526548
post_selected,60,1.0,30.0,0.3,0.1,5.0,1,0.0009451684220583797,6.625000000000001,-0.4375000000000004,0.06949691290725754
post_selected_shimmed,60,0.1,30.0,0.3,0.1,5.0,1,0.0026330768063651836,1.1250000000000002,0.0,0.19360645702864826
