eps,gamma_star
1e-08,447794.8934642373
1e-09,4190850.400882314
1e-10,45527455.78784639
1e-11,426085154.441104
