{
 "T1": {
  "max_abs_M0": 0.0,
  "max_abs_M1": 0.0,
  "N": 500
 },
 "pairs": {
  "(0,-1)": {
   "d_predicted": 1,
   "slope": -1.9999975421599105,
   "moments_abs": [
    0.0,
    0.1414213562373095,
    0.3511458800506467
   ],
   "coeff_rel_dev": 2.482978861309188e-05,
   "K_abs": [
    1.4100729451993038e-05,
    8.906130969208297e-06,
    5.623103906537353e-06,
    3.5494486197782595e-06,
    2.2401669934532543e-06,
    1.4137027330187044e-06,
    8.920905783386509e-07,
    5.629145710155504e-07,
    3.5519333104764593e-07,
    2.241195779138976e-07,
    1.4141321047106823e-07,
    8.922714272716898e-08,
    5.629915330721298e-08,
    3.552264575487415e-08,
    2.2413401218361698e-08,
    1.4141958145124534e-08,
    8.922999207827337e-09,
    5.630044452925584e-09,
    3.552323842166613e-09,
    2.2413676567131424e-09,
    1.4142087512015134e-09,
    8.923060607402172e-10,
    5.630073857118302e-10,
    3.552338034362777e-10,
    2.2413745527667576e-10,
    1.4142121210681403e-10,
    8.923077152987101e-11,
    5.6300820127019913e-11,
    3.552342067355231e-11,
    2.2413765523613867e-11,
    1.4142131146046044e-11
   ],
   "envelope_C": 0.14142131146046044
  },
  "(0,+1)": {
   "d_predicted": 1,
   "slope": -1.9999975000589578,
   "moments_abs": [
    0.0,
    0.4242640687119285,
    0.1770429185881836
   ],
   "coeff_rel_dev": 4.173161007676134e-06,
   "K_abs": [
    4.228967665367267e-05,
    2.6713383598935128e-05,
    1.6867310290160915e-05,
    1.0647547251507404e-05,
    6.720182585447473e-06,
    4.2409813258671225e-06,
    2.676221195828219e-06,
    1.6887235853442815e-06,
    1.0655719781856874e-06,
    6.723555424201943e-07,
    4.2423836079297284e-07,
    2.676809223039123e-07,
    1.6889725851903213e-07,
    1.0656785708237795e-07,
    6.724017173330757e-08,
    4.242586172690811e-08,
    2.6768992564102063e-08,
    1.6890131344587736e-08,
    1.0656970724632914e-08,
    6.7241026509093536e-09,
    4.24262612651644e-09,
    2.6769181316258744e-09,
    1.6890221369933195e-09,
    1.0657014022900822e-09,
    6.724123626377026e-10,
    4.242636350495539e-10,
    2.676923140836632e-10,
    1.6890246017963737e-10,
    1.0657026194046919e-10,
    6.724129653891829e-11,
    4.2426393425429226e-11
   ],
   "envelope_C": 0.42426393425429226
  },
  "(-1,+1)": {
   "d_predicted": 2,
   "slope": -2.9999960463667543,
   "moments_abs": [
    0.0,
    0.0,
    8.261499999999998,
    3.505705309328162
   ],
   "coeff_rel_dev": 4.244073959925016e-06,
   "K_abs": [
    8.209705783335274e-06,
    4.123833442471808e-06,
    2.069773631591085e-06,
    1.0382951967072903e-06,
    5.206865998852355e-07,
    2.6106048023460534e-07,
    1.3087232705392247e-07,
    6.560203681835157e-08,
    3.288235426052992e-08,
    1.648135962532451e-08,
    8.260629381061116e-09,
    4.140251151105979e-09,
    2.0750851516321984e-09,
    1.0400214498048904e-09,
    5.212508205414466e-10,
    2.612461549410482e-10,
    1.3093392044301782e-10,
    6.562265812288351e-11,
    3.2889330223749244e-11,
    1.648374664527425e-11,
    8.261456272757632e-12,
    4.140541316776882e-12,
    2.0751883267490787e-12,
    1.0400586215110888e-12,
    5.212643845694577e-13,
    2.612511645498798e-13,
    1.3093579136943886e-13,
    6.562336391808394e-14,
    3.288959886211505e-14,
    1.6483849688663972e-14,
    8.261496060677363e-15
   ],
   "envelope_C": 8.261496060677363
  }
 },
 "T5": {
  "max_abs_M1_on_curve": 0.0
 },
 "T6": {
  "lam_perp_only": [
   0.0,
   0.282842712474619
  ],
  "Delta2_only": [
   0.1414213562373095,
   0.1414213562373095
  ],
  "linearity_ratio": [
   1.414213562373095,
   1.414213562373095,
   1.414213562373095,
   1.414213562373095
  ]
 },
 "T7": {
  "d_simplified": 3,
  "slope_simplified": -3.9999950179720414,
  "M2_full": 8.261499999999998,
  "M2_delta1_off": 0.0
 }
}